tekst,retweets,volgers,plaats,datum,id_str
"RT @DrEricDing: 4) A big scientific evidence review study on face masks. 

‚ÄúWe recommend that public officials and governments strongly enc‚Ä¶",611,3960,,Thu Dec 03 13:39:44 +0000 2020,1334492518608723969
RT @AndrewRose11: A year after his stay of execution Rodney Reed remains in limbo awaiting a chance to prove his innocence in court but at‚Ä¶,7,1789,,Thu Dec 03 13:39:43 +0000 2020,1334492511667154946
RT @DrEricDing: ‚ö†Ô∏èHOLY SMOKES. Sen Perdue‚Äôs broker bought Pfizer stock in Feb even when Pfizer warned of *bad outlook*. Then he bought more‚Ä¶,2866,59,,Thu Dec 03 13:39:41 +0000 2020,1334492503962226690
"RT @fawfulfan: Obama, Bush and Clinton will receive #COVID19 vaccines on TV ‚Äî but Trump won‚Äôt join them: report https://t.co/myLIYdg9uV",1,140,,Thu Dec 03 13:39:41 +0000 2020,1334492503622344704
RT @BallouxFrancois: Switzerland‚Äôs medical regulator says it still lacks all the necessary information to sign off on three different #COVI‚Ä¶,76,1209,,Thu Dec 03 13:39:39 +0000 2020,1334492498610237443
"RT @drjanaway: Vaccine mythbusting in one minute.

Please share.

#covid19
#CovidVaccine https://t.co/CmDAEvsKQ5",2719,373,,Thu Dec 03 13:39:39 +0000 2020,1334492495397449728
"RT @BloodDonorsIn: #SOS
#Faridabad
Need #Blood Type :  A-positive
At : Sarvodaya Hospital. 
Blood Component : Need Plasma from A+ve #COVID1‚Ä¶",25,78,,Thu Dec 03 13:39:36 +0000 2020,1334492485200961541
"RT @morethanmySLE: Governor Cuomo re: people who REFUSE to comply with #COVID19 restrictions: ""You want to be a tough guy?...I'll tell you‚Ä¶",1350,348,,Thu Dec 03 13:39:36 +0000 2020,1334492483334656004
"RT @Isellmpls: Sen. Kelly Loeffler was briefed on #COVID19 January 2020, yet her only concern was to make sure her stock portfolio would ma‚Ä¶",94,10,,Thu Dec 03 13:39:35 +0000 2020,1334492481312976898
RT @ChrisLu44: Yesterday saw record #COVID19 deaths and hospitalizations. Americans everywhere are cutting back their holiday celebrations.‚Ä¶,81,3474,,Thu Dec 03 13:39:35 +0000 2020,1334492480155377669
RT @DrEricDing: ‚ö†Ô∏èHOLY SMOKES. Sen Perdue‚Äôs broker bought Pfizer stock in Feb even when Pfizer warned of *bad outlook*. Then he bought more‚Ä¶,2866,16633,,Thu Dec 03 13:39:34 +0000 2020,1334492474807517185
"Cities across the globe have been at the forefront to cope with the #COVID19 crisis, that soon became also and #education crisis, an economic crisis, a social crisis. 

Watch my statement @UNESCO #learningcities conference #learningforwellbeing2020 

üëáüèΩ https://t.co/elGkvN4kIz",0,159,,Thu Dec 03 13:39:33 +0000 2020,1334492472077144064
"RT @kimi_to_daskis: He told the virus to leave.
üßºüëè
#virus  #COVID19  #„Ç≥„É≠„Éä https://t.co/Tyz5Gpjh4B",15,1745,,Thu Dec 03 13:39:32 +0000 2020,1334492468641873922
"RT @BUonCities: Today the @BUonCities team, supported by @Citi &amp; @Rockefeller, released the second set of findings from the 2020 #MeninoSur‚Ä¶",2,785,,Thu Dec 03 13:39:32 +0000 2020,1334492467698278400
"RT @Lachelle_Dawn: I try to be thoughtful about what I write/say because words matter. I don‚Äôt always get it right, but this is a hill I am‚Ä¶",19,9,,Thu Dec 03 13:39:32 +0000 2020,1334492466158972929
"Rather than #SprayAndPray approach with all good intentions, such critical topic need deeper #ForensicResearch, at par with developing #Vaccine for #Covid19. Come and join the community of #NationBuilders working to eradicate avoidable Road Deaths.
https://t.co/4unaJzGH6b https://t.co/zYQU38KpR2",0,834,,Thu Dec 03 13:39:31 +0000 2020,1334492463252168715
RT @sarahgollust: NEW: The latest @JPHMPdirect issue features a #COVID19 supplement sponsored by @BigCitiesHealth @debeaumontFndtn and @AST‚Ä¶,2,2163,,Thu Dec 03 13:39:30 +0000 2020,1334492460861562888
"RT @DHSCgovuk: The development of the @Pfizer/@BioNTech_Group #COVID19 vaccine involved overlapping clinical trials to save time.
 
Listen‚Ä¶",20,169,,Thu Dec 03 13:39:30 +0000 2020,1334492460240658432
RT @HirstPhotos: So much going on today for #IDDP2020 - watching the launch of the #DWManifesto - #Covid19 has made it clear how much still‚Ä¶,4,4055,,Thu Dec 03 13:39:29 +0000 2020,1334492456138706945
RT @KellyMDoran: I was a senior in college when 9/11 happened and I thought it would be the singular defining U.S. tragedy of my lifetime.‚Ä¶,16,3964,,Thu Dec 03 13:39:27 +0000 2020,1334492447263629313
"RT @gabefabreau: Took a pt. admitted for something else, but found to have #COVID19. They had symptoms for days prior to admission didn‚Äôt t‚Ä¶",160,1011,,Thu Dec 03 13:39:26 +0000 2020,1334492440242302978
The impact of #COVID19 on education and other related consequences will drive more children on to the streets. But you can help prevent that by supporting our #TakeMeBackToSchool campaign. Click here https://t.co/sPhnCs5sgb to support https://t.co/JcBZ033MLN,0,874,,Thu Dec 03 13:39:25 +0000 2020,1334492437113401346
"RT @ifi_aub: It's today LIVE - 4 pm on zoom and our official page on Facebook!

Don't forget to join our webinar on ""#Oil Market Outlook an‚Ä¶",6,761,,Thu Dec 03 13:39:24 +0000 2020,1334492433976094729
RT @DrEricDing: ‚ö†Ô∏èHOLY SMOKES. Sen Perdue‚Äôs broker bought Pfizer stock in Feb even when Pfizer warned of *bad outlook*. Then he bought more‚Ä¶,2866,75,,Thu Dec 03 13:39:23 +0000 2020,1334492430826156033
"RT @picardonhealth: How COVID vaccines are being divvied up around the world. Canada leads the pack in terms of doses secured per capita, b‚Ä¶",55,10143,,Thu Dec 03 13:39:23 +0000 2020,1334492429379100674
RT @drgrcevich: Spikes in suicide rates in Asia may be a harbinger of things to come here related to #COVID19 #mentalhealth https://t.co/Dh‚Ä¶,1,22895,,Thu Dec 03 13:39:22 +0000 2020,1334492426048835588
"RT @morethanmySLE: Governor Cuomo re: people who REFUSE to comply with #COVID19 restrictions: ""You want to be a tough guy?...I'll tell you‚Ä¶",1350,1399,,Thu Dec 03 13:39:22 +0000 2020,1334492425604255745
"RT @HWStaffordshire: On your way home from #University for #Christmas? 
It's important to follow national guidance to be able to travel bet‚Ä¶",1,763,,Thu Dec 03 13:39:21 +0000 2020,1334492422013849603
"RT @guebrayberhane: üì¢ Happy #IDPD2020 ‚ùó‚ùó‚ùó

Join us for a dialogue on #DisabilityInclusion &amp; best response 2 #COVID19 pandemic.

Key insight‚Ä¶",31,323,,Thu Dec 03 13:39:21 +0000 2020,1334492421699194881
RT @DrEricDing: ‚ö†Ô∏èHOLY SMOKES. Sen Perdue‚Äôs broker bought Pfizer stock in Feb even when Pfizer warned of *bad outlook*. Then he bought more‚Ä¶,2866,1067,,Thu Dec 03 13:39:21 +0000 2020,1334492421208596483
RT @DrEricDing: ‚ö†Ô∏èHOLY SMOKES. Sen Perdue‚Äôs broker bought Pfizer stock in Feb even when Pfizer warned of *bad outlook*. Then he bought more‚Ä¶,2866,95,,Thu Dec 03 13:39:21 +0000 2020,1334492420839452674
"Just seen on the news again @Keir_Starmer calling for emergency legislation enabling people to be fined for spreading misinformation.
Otherwise known as disagreeing with the narrative or voicing your own opinion.
#dangerousman
#FreeSpeech 
#Covid19",0,1854,,Thu Dec 03 13:39:21 +0000 2020,1334492419690205189
"RT @GovCanHealth: Reminder! All travellers to Canada whether by air, land or sea must use #ArriveCAN or call 1-833-641-0343 toll-free, with‚Ä¶",28,89,,Thu Dec 03 13:39:18 +0000 2020,1334492410383126530
"RT @CDCgov: üß™ COVID-19 Science Update:

Read the latest #COVID19 research on the spread of the virus in military settings, reasons for impr‚Ä¶",46,10143,,Thu Dec 03 13:39:18 +0000 2020,1334492407786852360
RT @INTERPOL_HQ: üì£ BREAKING: INTERPOL has issued a global alert to law enforcement across its 194 member countries warning them to prepare‚Ä¶,709,2457,,Thu Dec 03 13:39:17 +0000 2020,1334492406138499072
"RT @RESCUEorg: ""I really admired how everyone helped me. Now I feel it is my turn to help out.""
 
Nyeing is a refugee from Myanmar who step‚Ä¶",1,2032,,Thu Dec 03 13:39:17 +0000 2020,1334492404620156935
"Pfizer-BioNTech COVID-19 vaccine only approved after strict tests: MHRA
https://t.co/08mIjFAknu #COVID„Éº19 #CovidVaccine #COVID19 #coronavirus #Corona #CoronaVirusUpdates #coronavirusuk #Pfizer #Pfizervaccine #PfizerBioNTech #UK #CoronavirusVaccine #CoronaVaccine",0,3,,Thu Dec 03 13:39:17 +0000 2020,1334492402262790144
"RT @IDEpiPhD: It would be great to know if #COVID19 #vaccines prevent infection in addition to disease, but we rarely determine this from P‚Ä¶",5,3383,,Thu Dec 03 13:39:16 +0000 2020,1334492400262197249
"RT @BleedingMarine: If you can‚Äôt wear a mask, if you can‚Äôt social distance, if you can‚Äôt follow the rules to slow the out-of-control spread‚Ä¶",9,102,,Thu Dec 03 13:39:16 +0000 2020,1334492398257377281
"Canada ‚Äòas well poised as any country‚Äô for #COVID19 vaccine distribution, defence chief @CDS_Canada_CEMD says, by @leeberthiaume  https://t.co/Hk9doQA3xj via @globeandmail #cdnhealth #cdnpoli #vaccination",0,116471,,Thu Dec 03 13:39:15 +0000 2020,1334492397661786112
"RT @siushi: @lapublichealth #COVID19, cold, or flu? ‚¨áÔ∏è https://t.co/9aAq5DPVl8",1,3282,,Thu Dec 03 13:39:14 +0000 2020,1334492389784825860
RT @gbdeclaration: The #Covid19 response in many countries has been blanket #lockdowns. Collateral harms of this are far reaching. A new UK‚Ä¶,129,406,,Thu Dec 03 13:39:13 +0000 2020,1334492385653510148
"#LiftTheTravelBan #LoveIsNotTourism RT @schengen_info: ACI EUROPE has called on European governments to immediately lift quarantine measures and other travel restrictions.

#COVID19 #TravelRestrictions #EUentryban https://t.co/XS4YJQ1jWC",0,150,,Thu Dec 03 13:39:12 +0000 2020,1334492384764305409
"Interesting idea for first phase of #Covid19 vaccine rollout: ""We propose a different approach: target several hot zones with high numbers of Covid-19 cases, especially those zones with rising Covid-19 hospitalization rates."" https://t.co/o9tZcUoOhb via @statnews",0,8721,,Thu Dec 03 13:39:12 +0000 2020,1334492382948192257
"RT @antonioguterres: When crises such as #COVID19 grip communities, people with disabilities are among the worst affected.

Let's commit to‚Ä¶",94,248,,Thu Dec 03 13:39:12 +0000 2020,1334492382289653760
"RT @WHO: #WearAMask to stop #COVID19 from spreading.
-Clean your üëê before putting it on, when you touch it &amp; after taking it off
-Use, stor‚Ä¶",335,1865,,Thu Dec 03 13:39:10 +0000 2020,1334492376778280960
"RT @BUonCities: Today the @BUonCities team, supported by @Citi &amp; @Rockefeller, released the second set of findings from the 2020 #MeninoSur‚Ä¶",2,536,,Thu Dec 03 13:39:10 +0000 2020,1334492376447000577
"Felt like reposting this today. It‚Äôs good we voted Trump out, but we did not demand his removal with millions in the streets &amp; this had a cost. 

#COVID„Éº19 #COVID19 #Covid_19 

https://t.co/hVTF9cm3Cg",0,1105,,Thu Dec 03 13:39:09 +0000 2020,1334492371933745152
"RT @CDCgov: While getting #COVID19 may offer some natural protection, the risk of severe illness and death from COVID-19 far outweighs any‚Ä¶",226,2785,,Thu Dec 03 13:39:08 +0000 2020,1334492366753894401
Amazon's hiring spree of hundreds of thousands of workers gets its real test starting Black Friday $AMZN #Amazon #Jobs #Retail #Malls #Hiring #NowHiring #FreeDelivery #Delivery #Pandemic #Covid19 #Stocks #WallStreet #Economy  https://t.co/PnDclNFH5J,0,3146,,Thu Dec 03 13:39:08 +0000 2020,1334492364786855939
#COVID19 Yesterday https://t.co/Gwcoj0qfF7,0,10795,,Thu Dec 03 13:39:06 +0000 2020,1334492359367733249
RT @DrEricDing: ‚ö†Ô∏èHOLY SMOKES. Sen Perdue‚Äôs broker bought Pfizer stock in Feb even when Pfizer warned of *bad outlook*. Then he bought more‚Ä¶,2866,1651,,Thu Dec 03 13:39:06 +0000 2020,1334492358856077312
"RT @euromaestro: More Americans died from COVID-19 in a single day than died from the 9/11 terrorist attacks 

US COVID-19 deaths exceed 3k‚Ä¶",98,251,,Thu Dec 03 13:39:06 +0000 2020,1334492356519686145
"RT @UNDP_Rwanda: In line with the celebration of the International Day of Persons with Disabilities 2020, @UNDP_Rwanda provided 9 cooperati‚Ä¶",1,2131,,Thu Dec 03 13:39:05 +0000 2020,1334492354103963651
"Obama, Bush and Clinton say they're willing to take a #COVID19 vaccine on camera to encourage skeptical Americans to do the same. https://t.co/jTdzCsS30z",0,4647,,Thu Dec 03 13:39:05 +0000 2020,1334492353864867843
"RT @LiuXininBeijing: With new evidence emerging, researchers are investigating the origin of  #COVID19. Anything new we don't know? The Dig‚Ä¶",3,2115,,Thu Dec 03 13:39:05 +0000 2020,1334492352883339266
RT @JamaicaObserver: IBM security researchers say they have detected a cyberespionage effort using targeted phishing emails to try to colle‚Ä¶,3,831,,Thu Dec 03 13:39:03 +0000 2020,1334492346583556102
"RT @vonderleyen: Happy to speak to @UEFA President ƒåeferin to discuss partnership, #EUGreenDeal, vaccinations &amp; much more. Great to have yo‚Ä¶",50,1597,,Thu Dec 03 13:39:03 +0000 2020,1334492346155724805
"Exciting news for @LBofHounslow residents.
Most of the libraries in #Hounslow are reopened now.
#Covid19 
For destils follow link:  https://t.co/XT3nMLs4TQ https://t.co/9rBje20pke",0,5,"{'id': '0b30aadf406d13cc', 'url': 'https://api.twitter.com/1.1/geo/id/0b30aadf406d13cc.json', 'place_type': 'city', 'name': 'Hounslow', 'full_name': 'Hounslow, London', 'country_code': 'GB', 'country': 'United Kingdom', 'contained_within': [], 'bounding_box': {'type': 'Polygon', 'coordinates': [[[-0.457966, 51.420633], [-0.243419, 51.420633], [-0.243419, 51.502851], [-0.457966, 51.502851]]]}, 'attributes': {}}",Thu Dec 03 13:39:03 +0000 2020,1334492346021519362
Join the Gender Data Network‚Äôs webinar with @Data2X and @ECAStats on Tuesday 15 December at 2pm GMT to learn what the @ilo is doing to fill #genderdata gaps in labor statistics during #COVID19. Register here: https://t.co/ndurd0TeyZ. https://t.co/5lhfVIXYSY,0,15199,,Thu Dec 03 13:39:02 +0000 2020,1334492342171168771
"Explore @ODIdev's first Economic Pulse series on #China‚Äôs international economic response to #Covid19 and implications for Belt and Road Initiative countries, as investment and engagement shifts from Europe to Asia, Africa and Latin America
https://t.co/CexB6eugcc https://t.co/fBpYVdWhOV",0,14990,,Thu Dec 03 13:39:02 +0000 2020,1334492341990805509
RT @stpiindia: #AI can revolutionise the drug development process for #COVID19 by enabling the pharmaceutical companies to analyse clinical‚Ä¶,131,68,,Thu Dec 03 13:39:02 +0000 2020,1334492341759930371
RT @CanAditude: Should Employers have the right to make it mandatory that their employees get the #Covid19 vaccine?,24,42,,Thu Dec 03 13:39:01 +0000 2020,1334492337993621507
RT @Kat_Arney: ‚ÄúThe vaccine has been developed too quickly and is unsafe‚Äù Here are some things you should know about why the #COVID19 #vacc‚Ä¶,101,1666,,Thu Dec 03 13:39:00 +0000 2020,1334492334365560836
RT @mengival: I don't get why @erinotoole is even bothered about vaccines at all considering that CPC MP Derek Sloan has a  vaccine petitio‚Ä¶,4,1737,,Thu Dec 03 13:38:59 +0000 2020,1334492329089118211
RT @DrEricDing: NEW‚ÄîDire warnings in WH Coronavirus Task Force‚Äôs confidential state report warns ‚Äú#COVID19 risk to all Americans is at a hi‚Ä¶,745,535,,Thu Dec 03 13:38:58 +0000 2020,1334492325175767040
RT @DrEricDing: NEW‚ÄîDire warnings in WH Coronavirus Task Force‚Äôs confidential state report warns ‚Äú#COVID19 risk to all Americans is at a hi‚Ä¶,745,15226,,Thu Dec 03 13:38:58 +0000 2020,1334492324856913920
RT @Sevicsafrica: Research and Policy Resources: COVID-19‚Äôs Impact on Sexual and Reproductive Health and Rights https://t.co/a9BnPblFAK #co‚Ä¶,1,4546,,Thu Dec 03 13:38:57 +0000 2020,1334492319836491776
Research and Policy Resources: COVID-19‚Äôs Impact on Sexual and Reproductive Health and Rights https://t.co/a9BnPblFAK #covid19,1,149,,Thu Dec 03 13:38:56 +0000 2020,1334492314820112390
RT @SheenaParish: @5Agenda21 The Gates family heavily involved in #depopulation abortions Planned Parenthood. Rockefeller Lockstep 2010 pre‚Ä¶,6,4453,,Thu Dec 03 13:38:55 +0000 2020,1334492313918300161
"A disaster..! Debenhams could have to close its #UK operations due to the ""effects of the #covid19 pandemic (as) the outlook for a restructured operation is highly uncertain (...)""

#crisis #retailers #retail #departmentstores #lon‚Ä¶https://t.co/sl8SwYpnKH https://t.co/xpafNZBtKT",0,172,,Thu Dec 03 13:38:55 +0000 2020,1334492311158468609
"RT @BloodDonorsIn: #Faridabad
Need #Blood Type :  A-positive
At : Sarvodaya Hospital. 
Blood Component : Need Plasma from A+ve #COVID19 rec‚Ä¶",27,78,,Thu Dec 03 13:38:55 +0000 2020,1334492310520823809
"From @TheLancet: Growing up in the shadow of #COVID19, #mentalhealth needs increase in youth 

https://t.co/vkefcaB4eY",0,739,,Thu Dec 03 13:38:55 +0000 2020,1334492310504091650
"RT @AmakaUbakaTV: Former Presidents Bill Clinton, Barack Obama &amp; George W. Bush have all agreed to receive a #covid19 vaccine once availabl‚Ä¶",1,338918,,Thu Dec 03 13:38:54 +0000 2020,1334492308964773888
RT @DrEricDing: ‚ö†Ô∏èHOLY SMOKES. Sen Perdue‚Äôs broker bought Pfizer stock in Feb even when Pfizer warned of *bad outlook*. Then he bought more‚Ä¶,2866,522,,Thu Dec 03 13:38:54 +0000 2020,1334492307563966469
"RT @KathrynDiss: The US has recorded its worst daily #COVID19 death toll: 3,157.

More people died yesterday than in the 911 attacks. https‚Ä¶",5,5306,,Thu Dec 03 13:38:52 +0000 2020,1334492300945178625
"What every mayor in #America should be saying right now.
#LosAngeles 
#COVID19 https://t.co/KvKC3MTs90",0,184,,Thu Dec 03 13:38:51 +0000 2020,1334492295169773570
"RT @DrEricDing: üìçTYSON FOODS &amp; Iowa Gov Kim Reynolds both complicit in outbreak. @TysonFoods even had a Wuhan factory, so it knew #COVID19‚Ä¶",359,181,,Thu Dec 03 13:38:49 +0000 2020,1334492288538521603
"@DanCrenshawTX #COVID19 more than #300kAmericasDiedYesterday.
#TrumpLied300KAmericansDied 
#TrumpHasNoPlan #PenceHasNoPlan
#GOPCorruptionOverCountryComplicit.
#FoxNewsComplicit
#MaskUpAmerica",0,112,,Thu Dec 03 13:38:49 +0000 2020,1334492287510831107
RT @CTurnerFCDO: HRH The Prince of Wales champions the bond between #Commonwealth nations. Today he spoke to @ImranKhanPTI to reaffirm üá¨üáß &amp;‚Ä¶,187,604,,Thu Dec 03 13:38:48 +0000 2020,1334492284155523073
"RT @sallycthomas1: #IDPWD2020, a great day to START treating #PWD in Ont. with the dignity &amp; respect we deserve, @fordnation! Restore #COVI‚Ä¶",2,1529,,Thu Dec 03 13:38:48 +0000 2020,1334492280938491904
RT @JustinPicheh: Yesterday @CSC_SCC_en reported 21 more prisoners (from 476 on Nov 27th to 497 on Dec 1st) tested positive for #COVID19. W‚Ä¶,1,2777,,Thu Dec 03 13:38:48 +0000 2020,1334492280816807937
"RT @DrDenaGrayson: I will never forgive Trump and the @GOP for willfully LYING while our loved ones DIED on their watch.

Pass it on.

#COV‚Ä¶",9598,14,,Thu Dec 03 13:38:47 +0000 2020,1334492279973744643
"RT @UN_PGA: The surest way to end #COVID19 is also the fairest. That‚Äôs why I'm launching an initiative called: #Vaccines4All. 

When vaccin‚Ä¶",43,248,,Thu Dec 03 13:38:47 +0000 2020,1334492279344652289
RT @DrEricDing: ‚ö†Ô∏èHOLY SMOKES. Sen Perdue‚Äôs broker bought Pfizer stock in Feb even when Pfizer warned of *bad outlook*. Then he bought more‚Ä¶,2866,46,,Thu Dec 03 13:38:47 +0000 2020,1334492278019252224
"RT @clopezcorrea: Totally worth the early start (4:00am)!

Great round table on #COVID19 genomics lead by @JimBethell w/ partners from üá®üá¶,‚Ä¶",4,3540,,Thu Dec 03 13:38:46 +0000 2020,1334492275947294725
"RT @Lachelle_Dawn: I try to be thoughtful about what I write/say because words matter. I don‚Äôt always get it right, but this is a hill I am‚Ä¶",19,200,,Thu Dec 03 13:38:46 +0000 2020,1334492275469127680
"IBM detects hacking ploy to target #COVID19 vaccine supply https://t.co/AsqLZ5npBC ""a nation state appeared to be involved.""",0,9244,,Thu Dec 03 13:38:45 +0000 2020,1334492268250750976
"RT @DavidLat: Hard to believe, but true; Japan's #COVID19 death toll is just over 2,100.",13,217,,Thu Dec 03 13:38:43 +0000 2020,1334492262328393731
"RT @UNVolunteers: #TogetherWeCanüíô light up social media with blue hearts like never before, to thank volunteers for their extraordinary eff‚Ä¶",6,3375,,Thu Dec 03 13:38:43 +0000 2020,1334492261489537027
"RT @DrDenaGrayson: I will never forgive Trump and the @GOP for willfully LYING while our loved ones DIED on their watch.

Pass it on.

#COV‚Ä¶",9598,91,,Thu Dec 03 13:38:43 +0000 2020,1334492260239634435
"RT @BallouxFrancois: #COVID19 damages the brain, the collective brain of society. The fervour, the fear, the rage and the anger fuelling bi‚Ä¶",198,1197,,Thu Dec 03 13:38:42 +0000 2020,1334492259199365120
"RT @JourneyHeroTech: ‚Å¶@IBM‚Å© has uncovered ""a global #phishing campaign"" focused on organisations associated with the #COVID19 vaccine.  htt‚Ä¶",1,492,,Thu Dec 03 13:38:42 +0000 2020,1334492257924358148
RT @DrEricDing: NEW‚ÄîDire warnings in WH Coronavirus Task Force‚Äôs confidential state report warns ‚Äú#COVID19 risk to all Americans is at a hi‚Ä¶,745,575,,Thu Dec 03 13:38:41 +0000 2020,1334492255311126530
"RT @vonderleyen: Happy to speak to @UEFA President ƒåeferin to discuss partnership, #EUGreenDeal, vaccinations &amp; much more. Great to have yo‚Ä¶",50,4546,,Thu Dec 03 13:38:41 +0000 2020,1334492254413742080
RT @DrEricDing: ‚ö†Ô∏èHOLY SMOKES. Sen Perdue‚Äôs broker bought Pfizer stock in Feb even when Pfizer warned of *bad outlook*. Then he bought more‚Ä¶,2866,382,,Thu Dec 03 13:38:41 +0000 2020,1334492253390315521
"RT @SabanLab: Why is the incidence of cases, morbidity and mortality of #COVID19 lower in women relative to men? We hope our findings help‚Ä¶",13,434,,Thu Dec 03 13:38:41 +0000 2020,1334492251205087237
"RT @vonderleyen: Happy to speak to @UEFA President ƒåeferin to discuss partnership, #EUGreenDeal, vaccinations &amp; much more. Great to have yo‚Ä¶",50,1136,,Thu Dec 03 13:38:40 +0000 2020,1334492250735321089
RT @Kat_Arney: ‚ÄúThe vaccine has been developed too quickly and is unsafe‚Äù Here are some things you should know about why the #COVID19 #vacc‚Ä¶,101,2231,,Thu Dec 03 13:38:40 +0000 2020,1334492250722758656
"RT @Shawnee_Leath: Katie argues that the #COVID19 plan isn‚Äôt a stimulus plan, rather it‚Äôs about basic funds for desperate people who need t‚Ä¶",26,2694,,Thu Dec 03 13:38:40 +0000 2020,1334492246968655878
tekst,retweets,volgers,plaats,datum,id_str
"Even though earlier I was unhappy that an officer that was a part of the Sandy Hook shootings passed away from #covid19, I'm definitely pissed about the outcome of the Jacob Blake situation. That dude nearly died due to that officer's thoughtless action... #blacklivesmatter #blm",0,358,,Wed Jan 06 06:18:50 +0000 2021,1346702750499934210
RT @CanadianPM: Watch live: Prime Minister Justin Trudeau addresses Canadians on the #COVID19 situation. https://t.co/qW9Qe41UsI,125,11,,Wed Jan 06 06:18:49 +0000 2021,1346702746695548928
"RT @ANCALERTS: Quezon City Mayor Joy Belmonte confirms deal for 750,000 AstraZeneca vaccine doses through a tripartite agreement w/ pharmac‚Ä¶",7,801,,Wed Jan 06 06:18:49 +0000 2021,1346702745814724608
"RT @ndmaindia: #COVID19 | To #staysafe from #coronavirus, make sure to always:  
 
‚Üí Wear your #mask properly üò∑
‚Üí Frequently wash your hand‚Ä¶",4,424353,,Wed Jan 06 06:18:49 +0000 2021,1346702743583408128
"RT @Rona19Stats: #COVID19 Statistics: 05 January 2021

Highest number of daily deaths ever recorded‚ÄºÔ∏è‚ö†Ô∏èüòî
Most amount of active cases record‚Ä¶",17,905,,Wed Jan 06 06:18:48 +0000 2021,1346702741037584384
"RT @DrRossanaRosa: At 22 weeks pregnant I got vaccinated against #COVID19. 

When u r ü§∞ you are always thinking for two, so I had a lot of‚Ä¶",20,23,,Wed Jan 06 06:18:44 +0000 2021,1346702723069186053
"RT @CityMalibu: Get the facts about #COVID19 vaccine from @lapublichealth. Hospital staff, residents &amp; staff at Skilled Nursing Facilities‚Ä¶",5,5006,,Wed Jan 06 06:18:44 +0000 2021,1346702721995431939
"""90 per cent of #Covid19 patients put up on #Ventilators died due to the complications caused by the ventilators, which usually pushes huge amount of oxygen inside our body than what we naturally inhale,"" #DrSaritaParikh tells #BombayHC",0,348,"{'id': '7929cea6bd5b32bd', 'url': 'https://api.twitter.com/1.1/geo/id/7929cea6bd5b32bd.json', 'place_type': 'city', 'name': 'Mumbai', 'full_name': 'Mumbai, India', 'country_code': 'IN', 'country': 'India', 'contained_within': [], 'bounding_box': {'type': 'Polygon', 'coordinates': [[[72.74484, 18.845343], [73.003648, 18.845343], [73.003648, 19.502937], [72.74484, 19.502937]]]}, 'attributes': {}}",Wed Jan 06 06:18:42 +0000 2021,1346702716588867585
"RT @CityMalibu: Get the facts about #COVID19 vaccine from @lapublichealth. Hospital staff, residents &amp; staff at Skilled Nursing Facilities‚Ä¶",5,348,,Wed Jan 06 06:18:42 +0000 2021,1346702715263602691
"#sapsHQ #SAPS at your service during the #COVID19 pandemic ‚ö†Ô∏è All essential services of the #SAPS remain in place even if a police station is temporarily closed for decontamination. Service delivery is in no way compromised to members of the community. ME
https://t.co/wRDwwDtMBt https://t.co/lOSC0BiaG4",0,713247,,Wed Jan 06 06:18:41 +0000 2021,1346702711371280384
"RT @DrEricDing: üìçWorrisome new data‚Äînew B117 variant is not only more infectious, it‚Äôs potentially more infectious in children 0-9 (+24%) a‚Ä¶",5295,388,,Wed Jan 06 06:18:40 +0000 2021,1346702706744971264
"Israel authorises use of Moderna vaccine

#Modernavaccine #Covid19 #Israel

Read more: https://t.co/OmY0yZ1yqs",0,2130,,Wed Jan 06 06:18:40 +0000 2021,1346702705041920001
"RT @NRMOnline: This campaign season has been challenging because of restrictions imposed on us by #Covid19. 

Despite #Covid19, our Candida‚Ä¶",9,174,,Wed Jan 06 06:18:38 +0000 2021,1346702698545033216
"RT @jidesanwoolu: Lagos,

There is an urgent need for us to be more circumspect in the way we live, interact and socialize with our friends‚Ä¶",864,82,,Wed Jan 06 06:18:37 +0000 2021,1346702694296203264
"@stepreb @christina_bobb Where did you go to law school, Trump U? You love Trump? Why? His pretending that #COVID19 was no big deal, tax evasion, gutting the EPA or opening wilderness for drilling/destruction? His brilliant sons Eric Trump &amp; Junior? His stage prop #Bible? üåäüò∑üßé‚Äç‚ôÄÔ∏è #GOPHypocrisy https://t.co/ZuWt55RUYn",0,861,,Wed Jan 06 06:18:37 +0000 2021,1346702693784555520
"RT @KSATRJ: Bexar County hit another record for daily #COVID19 cases with 2,152 new cases. There were 5 new deaths reported today as well.‚Ä¶",21,299,,Wed Jan 06 06:18:35 +0000 2021,1346702687849631745
RT @TomFitton: So I just found out the public gallery in the U.S. Capitol will be closed due to alleged #COVID19 concerns during the Electo‚Ä¶,9166,69,,Wed Jan 06 06:18:34 +0000 2021,1346702682078269440
"RT @dysclinic: It's important to rule out ""other""causes of #tachycardia in post-#COVID19 patients: one patient presented to the ER with pos‚Ä¶",32,77,,Wed Jan 06 06:18:32 +0000 2021,1346702672204865536
"RT @GovCanHealth: Travellers to üá®üá¶ must provide information on their mandatory 14-day quarantine plan on or before entry.

Failure to provi‚Ä¶",125,1,,Wed Jan 06 06:18:31 +0000 2021,1346702670640377856
"Oripol's offering 100% pure #meltblown #nonwovenfabric with #highfiltrationefficiency.

For further details contact us at: 9078089434 or mail: sales@oripol.net
Need #Nonwoven Think #Oripol.

#Mask #COVID19 #staysafe #PFE #BFE #newwayoflife #madeinodisha #vocalforlocal #N95 https://t.co/LAoicLpjWD",0,155,,Wed Jan 06 06:18:31 +0000 2021,1346702669637939208
"Where you can learn about Mark #Rutte and his inability to distinguish btw shame &amp; saying sorry, his distorted views of freedom and misreading Isaiah Berlin. 

This may help with maybe understanding why the #Nederland hasn't yet started the #vaccination process against #COVID19. https://t.co/wLRquSnrb1",0,977,,Wed Jan 06 06:18:30 +0000 2021,1346702665301028865
"RT @ndmaindia: #COVID19 | Are you taking the following precautions? üëá 
 
‚úÖ Wearing your #mask properly üò∑
‚úÖ Frequently washing your hands wi‚Ä¶",5,342,,Wed Jan 06 06:18:27 +0000 2021,1346702651329634309
"Israel authorises use of Moderna vaccine
#coronavirus #COVID19 #Britain 
Read More:
https://t.co/aWHMlKZxnT",0,419,,Wed Jan 06 06:18:24 +0000 2021,1346702641724723205
"@WHO team investigating #virus origins denied entry.

Proof that #China is hiding what has happened in #Wuhan?

The #WHO is ""disappointed""?

Is #UnitedStates right on this point?
Did #Beijing onpurpose spreading the #covid19 virus?
#Worldwar III?

https://t.co/A4yyduABLX",0,57,,Wed Jan 06 06:18:23 +0000 2021,1346702636070834176
"RT @SusanSchutte2: April Dawn Wheeler, 34, beloved wife, daughter and sister, Whitewater, KS - died of #COVID19 on December 31, 2020. April‚Ä¶",11,69,,Wed Jan 06 06:18:22 +0000 2021,1346702633059250176
"RT @kprabhdeep: #COVID19 risk multiplies with each risk factor - indoors, poor ventilation, more time spent, crowding, speaking/ shouting a‚Ä¶",403,19,,Wed Jan 06 06:18:22 +0000 2021,1346702632606339080
"RT @COVIDNewsByMIB: üì¢#CoronaVirusUpdates:

üìç#COVID19 India Tracker 
(As on 06 January, 2021, 08:00 AM)

‚û°Confirmed cases: 1,03,74,932
‚û°Reco‚Ä¶",26,68,,Wed Jan 06 06:18:22 +0000 2021,1346702632488824835
"RT @IMinakshiJoshi: #COVID19 ; 20 more people in #India test positive for #UK strain, tally now at 58
#CoronavirusStrain",74,79,,Wed Jan 06 06:18:22 +0000 2021,1346702631842897920
"RT @ABSCBNNews: Quezon City Mayor Joy Belmonte confirms deal for 750,000 AstraZeneca vaccine doses through a tripartite agreement w/ pharma‚Ä¶",7,60,,Wed Jan 06 06:18:22 +0000 2021,1346702630278451200
"RT @Quicktake: ‚ÄúIt‚Äôs real interest with clients starting the process with us.‚Äù

Social unrest and #Covid19 restrictions are driving more Am‚Ä¶",15,5509,,Wed Jan 06 06:18:21 +0000 2021,1346702626826555392
"Obaseki: University of Ibadan exonerates Edo Gov of certificate forgery allegation

https://t.co/Yr33HjqBG7

#javascript #COVID19 #coronavirus #Covid_19 #Nigerians #Buhari #wednesdaythought #WednesdayMotivation https://t.co/HYXJXT1V3q",0,4509,,Wed Jan 06 06:18:20 +0000 2021,1346702623341215744
"I wonder how long it will be this time before some narcissistic, self important celebrity records a pretentious song or video to 'help us through this difficult time' that obviously is in no way a cynical attempt to boast their commercial profile. #lockdown #Lockdown3 #COVID19",0,4612,,Wed Jan 06 06:18:20 +0000 2021,1346702622766604295
"RT @j_mcelroy: 428 new cases of #COVID19 in B.C. announced today, as a post-Christmas spike in cases is still yet to be seen. 

8 deaths, t‚Ä¶",54,1667,,Wed Jan 06 06:18:19 +0000 2021,1346702620195360768
RT @JamesCarville: Happy to have gotten my #COVID19 vaccine today from ‚Å¶@LCMCHealth‚Å©. Over 70? Get the vaccine.  Do your part. Thank you to‚Ä¶,362,602,,Wed Jan 06 06:18:19 +0000 2021,1346702618500845569
"RT @ashkaur: There is NO data to support further lockdowns - the #lockdown crisis is no longer about #COVID19 anymore.

It‚Äôs about power, m‚Ä¶",54,3108,,Wed Jan 06 06:18:19 +0000 2021,1346702617133502464
#Covid #COVID19India #Covid19 The vaccine against Covid 19 is on the horizon. I recollect my involvement in the campaign against Polio as HM in MGR's Cabinet. Dr. Jacob John on Covid Vaccines. My appeal to all - please don't politicise the vaccine effort. Leave it to the experts. https://t.co/7UScRwZOKK,0,664,,Wed Jan 06 06:18:18 +0000 2021,1346702614268788737
RT @otvnews: #Covid19 vaccine is not mandatory for all health workers. The vaccine will be administered to those who will give their consen‚Ä¶,1,15,,Wed Jan 06 06:18:18 +0000 2021,1346702613849411585
"RT @CUH_Cork: Due to COVID-19 our visiting restrictions remain in place, this is to protect our patients and staff, we ask that visitors do‚Ä¶",50,172,,Wed Jan 06 06:18:16 +0000 2021,1346702607109267457
RT @MartinDaubney: Wait... Did Boris just said that he cannot say with confidence that children will be back at school BEFORE THE SUMMER HO‚Ä¶,217,2786,,Wed Jan 06 06:18:15 +0000 2021,1346702600394174465
"Recent studies said that #BeheadingJohntheBaptist wasn't upon the request of #Salome but rather due to the hermit's positive #PCR and his beheading prevented the spread of #Covid19. Concluding that the #VirtuousLady was wrongly accused to avoid spreading Panic.
#endthelockdown https://t.co/OA8jeLjt36",0,132,,Wed Jan 06 06:18:14 +0000 2021,1346702596833234944
"RT @Kempton: Japanese thinking (now &amp; in the past)?
Closing borders is quick (whether it is effective or not)
Anti-#Covid19 measures is slo‚Ä¶",1,9737,,Wed Jan 06 06:18:13 +0000 2021,1346702593351798784
"üíâOrder early, pay a lot, digitize distribution and stretch the supply.
üáÆüá± That is how #Israel came to be a leader of the world's #COVID19 #vaccination drive, reaching nearly 15% of the country‚Äôs 9.3 million population in about two weeks.

https://t.co/2Qm8v8ORtI",0,493891,,Wed Jan 06 06:18:12 +0000 2021,1346702590743085056
"RT @LaurenPelley: Dr. Tom Stewart, a member of Ontario's #COVID19 Science Advisory Table and CEO of two hospital networks, just got back fr‚Ä¶",370,91,,Wed Jan 06 06:18:12 +0000 2021,1346702588914368512
"RT @ashkaur: There is NO data to support further lockdowns - the #lockdown crisis is no longer about #COVID19 anymore.

It‚Äôs about power, m‚Ä¶",54,1129,,Wed Jan 06 06:18:11 +0000 2021,1346702586930458627
"RT @OnlyOneCreator1: #vaccine 
#ProudOfIndiaVaccine

‚óè‚óèPERFECT EXPLANATION OF VACCINATION PROCESS ! ‚óè‚óè

#COVID19 
#COVID„Éº19 

@SattarFarooq‚Ä¶",8,270,,Wed Jan 06 06:18:11 +0000 2021,1346702584103411713
RT @LynnSteelePSW: Hearing the sad news of the loss of another health care worker RPN &amp; SEIU Steward Maureen A. to COVID-19. She was a moth‚Ä¶,35,50,,Wed Jan 06 06:18:09 +0000 2021,1346702578462158849
RT @PrasadLadInd: This is a true milestone for the pharmacy industry of our nation. Two Indian made #COVID19 serums have gotten approval fr‚Ä¶,7,1387,,Wed Jan 06 06:18:09 +0000 2021,1346702576000016387
"RT @UN: Unresolved gaps, inconsistencies &amp; discrepancies raise questions about the elimination of chemical weapons in Syria, as country str‚Ä¶",36,115,,Wed Jan 06 06:18:09 +0000 2021,1346702574855090176
"Unresolved gaps, inconsistencies &amp; discrepancies raise questions about the elimination of chemical weapons in Syria, as country struggles with on-going conflict amid #COVID19, @UN_Disarmament chief @INakamitsu tells Security Council. 
https://t.co/TT5BATc7ee https://t.co/POsXPUTz1M",0,115,,Wed Jan 06 06:18:09 +0000 2021,1346702574850863104
"RT @ndmaindia: #COVID19 | Are you taking the following precautions? üëá 
 
‚úÖ Wearing your #mask properly üò∑
‚úÖ Frequently washing your hands wi‚Ä¶",5,424353,,Wed Jan 06 06:18:08 +0000 2021,1346702574456504321
"RT @jidesanwoolu: Lagos,

There is an urgent need for us to be more circumspect in the way we live, interact and socialize with our friends‚Ä¶",864,3,,Wed Jan 06 06:18:07 +0000 2021,1346702569515737091
@christ4moi @oldmanjingles With #BrexitDeal and #COVID19 issues at their forefront. Let‚Äôs just laugh at our clowns marauding as activists .,0,485,,Wed Jan 06 06:18:06 +0000 2021,1346702562863558657
"RT @JeremyScrivens: #covid19 has brought forward the #futureofwork, a future that is being re-imagined, not through the traditional problem‚Ä¶",1,153485,,Wed Jan 06 06:18:04 +0000 2021,1346702554546094080
"RT @BuenaOnda_NG: Hello guys, I have these Kaftans at 12k each. Delivery is nationwide.

Please don‚Äôt pass without retweeting 

Check out m‚Ä¶",15,417,,Wed Jan 06 06:18:03 +0000 2021,1346702552704950275
"RT @rid1tweets: Update: #COVID19 in #SouthAfrica üáøüá¶ 5 January 2021

513 more deaths reported today üò¢
Expect a big increase in cases tomorro‚Ä¶",100,455,,Wed Jan 06 06:18:03 +0000 2021,1346702551895433216
"RT @COVIDNewsByMIB: üì¢#CoronaVirusUpdates:

‚úÖIndia's #COVID19 recovery rate improves to 96.36% as on January 06, 2021

#IndiaFightsCorona #U‚Ä¶",19,7944,,Wed Jan 06 06:18:03 +0000 2021,1346702550490222592
Well... that‚Äôs me self isolating for the next 7 days !!!!! üò∑#CovidTracker #COVID19,0,1599,,Wed Jan 06 06:17:58 +0000 2021,1346702531225915393
"Pick Fern Fabric #dust #mites #fitted protector and totally encased pad safeguards.

#bed #fittedsheets #allergies #summersales #fernfabric #bedroom #bedroomdecor #bedsheet #coverlet #covid19 #decor #decor #pillows

View more on site: https://t.co/6kHUAz52Xu https://t.co/qVrcEfHvLZ",0,73,,Wed Jan 06 06:17:58 +0000 2021,1346702529602543616
"RT @MoriartyLab: Yay!!!!!!!!!!

Canadians who want to work #TogetherAgainstMisinformation, sign up here.

#ScienceUpFirst is about to forma‚Ä¶",19,2029,,Wed Jan 06 06:17:56 +0000 2021,1346702520719089664
"RT @DrEricDing: BREAKING‚ÄîOne hospital in Los Angeles County has begun care rationing by initiating ‚ÄúCrisis Standards of Care‚Äù, says NBC New‚Ä¶",1433,23,,Wed Jan 06 06:17:54 +0000 2021,1346702515103019008
"RT @Crypto____World: Which Crypto will have the biggest gains in this Bull Market ?
#Bitcoin
#Ethereum #btc #eth #cardano #xrp #cryptocurre‚Ä¶",3,46,,Wed Jan 06 06:17:54 +0000 2021,1346702513001668608
"RT @SLoCaTOfficial: #DYK that there's a podcast on sustainable transport by @TUMInitiative?
It's called Talking Transport Transformation an‚Ä¶",1,4851,,Wed Jan 06 06:17:54 +0000 2021,1346702512103907330
"RT @OK_thegreatest: As soon as I got home from school due to the covid 19, I decided to learn tailoring.. fast forward to 6 months later üëáüëá‚Ä¶",76,10,,Wed Jan 06 06:17:53 +0000 2021,1346702510678024192
RT @GCraughwell: #COVID19 It's time to think outside the box when it comes to a rollout of the #coronavirus #vaccine. Click the link below‚Ä¶,1,70,,Wed Jan 06 06:17:53 +0000 2021,1346702510363439104
"RT @ajplus: Nebraska's governor says undocumented workers in meat plants are not eligible for the #COVID19 vaccine because they are ""not pe‚Ä¶",3683,2695,,Wed Jan 06 06:17:52 +0000 2021,1346702503782453249
"RT @ChinmayNadig: Abuse of power by Mr. R Ashok Anand, VP - NIE MC, against students protesting peacefully outside #NIEMysore campus! #Sham‚Ä¶",33,25,,Wed Jan 06 06:17:50 +0000 2021,1346702495699984391
Hello #INDIA :) How about some #COVID19 relief for #youth #mentalhealth &amp; #wellness Supporing #SDG3 #Heath &amp; #wellbeing This link for YOU! #parents #teachers #family #friends #teens #teenagers #tweens Available on Amazon India! https://t.co/mBX4Uk5s8s https://t.co/fZVHkO7Ojq,0,1603,,Wed Jan 06 06:17:48 +0000 2021,1346702490000117760
"RT @VegTBone: Can anyone confirm where @erinotoole actually was throughout the Christmas break? 
#lockdown 
#COVID19 
#covidiots",59,530,,Wed Jan 06 06:17:46 +0000 2021,1346702482311790592
"#Covid19 vaccine is not mandatory for all health workers. The vaccine will be administered to those who will give their consent. As per information, vaccines will reach #Odisha in 10 days, informs DMET director",1,614082,,Wed Jan 06 06:17:45 +0000 2021,1346702477958156288
"RT @Cleavon_MD: Jolene King, 48, HCW at Phoenix Indian Medical Center in Arizona died from #COVID19. She was of Hopi &amp; Apache ancestry, and‚Ä¶",222,2676,,Wed Jan 06 06:17:43 +0000 2021,1346702468772610049
"RT @jidesanwoolu: 2021 will only work for us if we take #COVID19 seriously and follow the guidelines laid down by @LSMOH 

We simply cannot‚Ä¶",163,375,,Wed Jan 06 06:17:41 +0000 2021,1346702460300226565
"RT @JhayJhayLoner: Armed Police Officers spotted today 5/01/2021 waving down vehicles along isheri Road ...
please retweet aggressively bef‚Ä¶",86,43,,Wed Jan 06 06:17:40 +0000 2021,1346702456638611456
"RT @followKWSG: #Covid19KwaraUpdate: 5th January, 2021 | 10:00pm
 
- 37 new #COVID19 cases confirmed 

...No of active cases: 183 https://t‚Ä¶",8,4436,,Wed Jan 06 06:17:40 +0000 2021,1346702454612750338
"RT @EmekaOkoye: Someone close to me just caught #COVID19.

Kindly mask up or become a #covidiot",3,56,,Wed Jan 06 06:17:40 +0000 2021,1346702453354467330
"RT @docrussjackson: GREAT NEWS: @YouTube has removed the crank #propaganda @talkRADIO channel from its platform for ""violating YouTube‚Äôs co‚Ä¶",128,16311,,Wed Jan 06 06:17:39 +0000 2021,1346702453065064448
RT @SiddiquiMaha: .@CNNnews18 has learnt that under these exceptional conditions there may be no chief guest at #RepublicDay2021 after #Bor‚Ä¶,3,90,,Wed Jan 06 06:17:39 +0000 2021,1346702451907280896
"RT @stlaura1977: So now people arriving in the UK will need a negative covid test first....surely if we had done this a year ago?? Horse, s‚Ä¶",1,70,,Wed Jan 06 06:17:39 +0000 2021,1346702450569457664
"Keyamo clarifies confusion between electricity tariff increase, band adjustment

https://t.co/5jVONJ6pJu

#javascript #COVID19 #coronavirus #Covid_19 #Nigerians #Worldnews #wednesdaythought #Buhari #WednesdayMotivation https://t.co/vWdFufVa1V",0,4509,,Wed Jan 06 06:17:37 +0000 2021,1346702442956775425
"RT @AbraarKaran: Race against time to vaccinate when refrigerator fails in CA (&amp; they got it done)

Metaphorically, our national refrigerat‚Ä¶",106,101,,Wed Jan 06 06:17:34 +0000 2021,1346702431925788673
"RT @COVIDNewsByMIB: #CoronaVirusUpdates: 

üìçTotal #COVID19 Cases in India (as on January 06, 2021)

‚ñ∂Ô∏è96.36% Cured/Discharged/Migrated (99,‚Ä¶",21,68,,Wed Jan 06 06:17:34 +0000 2021,1346702430616965120
"@drharshvardhan the NEW Xief there,boss of Tedr's&amp;Doc SOWmiya must press for them to b PERMITTED into that nation, aftr all PLAcardwalas in YuN&amp; uuHO &amp;Wrld wide Anti-Trump cabal contributed in the Pandemic-ation, with all their might, USING Libby Press,Doc,scientists&amp; #Covid19ü§™ https://t.co/lFDRj3gf4p",0,449,,Wed Jan 06 06:17:34 +0000 2021,1346702428243156992
"RT @CTZebra: Steven Neher, 49yo Nurse Practitioner, Falkenburg Road Jail, Tampa, FL, died of #covid19 12/29. ""He's funny &amp; just makes every‚Ä¶",135,453,,Wed Jan 06 06:17:33 +0000 2021,1346702426674487298
RT @RichardBarrow: Chiang Rai is the latest province to declare that if you are travelling there from any of the 28 provinces in the red zo‚Ä¶,21,94,,Wed Jan 06 06:17:32 +0000 2021,1346702422106783744
"RT @karynmaughan: Disturbingly high levels of #COVID19 deaths being reported in SA in the first days of 2021. 

Since 1 January, 1¬†637 peop‚Ä¶",41,435,,Wed Jan 06 06:17:31 +0000 2021,1346702419405713408
"RT @Bvweir: #COVID19 

Here‚Äôs how #CovidVaccine news impacts YOU, the consumer!

Understand now why so many people are switching to plant-b‚Ä¶",9,20576,,Wed Jan 06 06:17:31 +0000 2021,1346702419053330432
"RT @dysclinic: It's important to rule out ""other""causes of #tachycardia in post-#COVID19 patients: one patient presented to the ER with pos‚Ä¶",32,229,,Wed Jan 06 06:17:28 +0000 2021,1346702404155179009
"RT @NHSEnglandLDN: Lots of people with #COVID19 don't show symptoms. Act like you've got it to help stop the spread.

‚û°Ô∏è For more info, vis‚Ä¶",2,171,,Wed Jan 06 06:17:28 +0000 2021,1346702402876043265
"@realDonaldTrump @Mike_Pence #DirtyDon &amp; #GOPSeditiousTraitors never cared if we lived or died or bothered to battle #COVID19

#TrumpVirusDeathToll358K

#CountryOverTrump

#GOPBetrayedAmerica

1/05 new cases- 225,558

1/05 Deaths- 3,499

Hospitalised - 131,195

Total cases- 21,578,606

Total Deaths- 357,258",0,267,,Wed Jan 06 06:17:27 +0000 2021,1346702400019640320
RT @ICMRDELHI: COVID-19 Testing Update. For more details visit: https://t.co/dI1pqvXAsZ @MoHFW_INDIA @DeptHealthRes #ICMRFIGHTSCOVID19 #Ind‚Ä¶,28,68,,Wed Jan 06 06:17:27 +0000 2021,1346702398681563138
"RT @leader_truth: Covid-19 Factors Explained.

#COVID19 
#vaccine 
#CovidVaccine 
#VaccineStrategy 
#COVIDSecondWave 
Bill Gates 
President‚Ä¶",181,81,,Wed Jan 06 06:17:25 +0000 2021,1346702390444097538
"RT @pastors4txkids: The confusion of our state leaders about the essential, heroic service of our #txed teachers and staff is maddening. Th‚Ä¶",43,341,,Wed Jan 06 06:17:24 +0000 2021,1346702387629719553
"RT @strachanjamie: One day...

Every unit will have an embedded psychological support worker

Who is a part of the team and trusted

One da‚Ä¶",3,256,,Wed Jan 06 06:17:24 +0000 2021,1346702386140770304
"RT @Smackenziekerr: Beneficial effects of #HCQ and #Zinc against #COVID19

The key is preventing infection and stopping post exposure viral‚Ä¶",10,514,,Wed Jan 06 06:17:23 +0000 2021,1346702383393419264
"RT @PTI_News: Telangana's #COVID19 infection tally rises to 2,88,410 as 417 more people test positive. Two fatalities take death toll in th‚Ä¶",7,73,,Wed Jan 06 06:17:22 +0000 2021,1346702378939027456
"RT @karynmaughan: Disturbingly high levels of #COVID19 deaths being reported in SA in the first days of 2021. 

Since 1 January, 1¬†637 peop‚Ä¶",41,4072,,Wed Jan 06 06:17:21 +0000 2021,1346702376900636678
RT @wef: This is how COVID-19 has impacted workers‚Äô lives around the world @Ipsos https://t.co/gg8QCyDB9c #covid19 #work https://t.co/BxO2k‚Ä¶,75,619,,Wed Jan 06 06:17:20 +0000 2021,1346702369573093376
"RT @TopThestreets: Zimbabweans says it is do or die for them to live in South Africa than fighting for freedom in Zimbabwe.

#CloseBeitbrid‚Ä¶",42,5268,,Wed Jan 06 06:17:19 +0000 2021,1346702366284906508
"#COVID19 It's time to think outside the box when it comes to a rollout of the #coronavirus #vaccine. Click the link below to read some of my thoughts on how we can meet the challenge.
https://t.co/r06UXTF6Qt",1,10247,"{'id': '723427e351a01e72', 'url': 'https://api.twitter.com/1.1/geo/id/723427e351a01e72.json', 'place_type': 'city', 'name': 'Dun Laoghaire-Rathdown', 'full_name': 'Dun Laoghaire-Rathdown, Ireland', 'country_code': 'IE', 'country': 'Ireland', 'contained_within': [], 'bounding_box': {'type': 'Polygon', 'coordinates': [[[-6.2820377, 53.1992829], [-6.0667589, 53.1992829], [-6.0667589, 53.315283], [-6.2820377, 53.315283]]]}, 'attributes': {}}",Wed Jan 06 06:17:19 +0000 2021,1346702365664141314
"So now people arriving in the UK will need a negative covid test first....surely if we had done this a year ago?? Horse, stable door and bolted come to mind?
#COVID19",1,53,,Wed Jan 06 06:17:18 +0000 2021,1346702362203873288
"RT @Quicktake: ‚ÄúIt‚Äôs real interest with clients starting the process with us.‚Äù

Social unrest and #Covid19 restrictions are driving more Am‚Ä¶",15,5006,,Wed Jan 06 06:17:17 +0000 2021,1346702360714891265
